Experiment Index,Model,Sample Size,R²,MAE,RMSE,Accuracy,Explained Variance,MedAE,Max Error,RAE,sMAPE,Bias,PICP,CV,Quantile Loss,Durbin-Watson,SHAP Match Percentage,Top SHAP Features
1,XGBoost,10000,0.9690344040303236,41.834634704589845,66.3188184664767,0.9690364708188711,0.9690364708188711,25.721710205078125,521.048095703125,0.13763133578593906,3.9619233709918094,0.5418075866699219,1.0,0.34598738,20.917317352294923,2.055781214551823,100.0,"{'Annual kilometers': 193.87021, 'Age': 169.44194, 'Business Use': 109.61196, 'State': 87.32208, 'Gender': 15.219307}"
2,XGBoost,50000,0.96319255959879,44.33019477844238,70.54873766591886,0.9631987758878299,0.9631987758878299,26.93585205078125,682.6796875,0.15104677791523746,4.226139153105316,-0.9168262481689453,0.9999,0.3393904,22.16509738922119,1.9917820063373282,100.0,"{'Annual kilometers': 191.68135, 'Age': 166.76706, 'Business Use': 108.48549, 'State': 79.041595, 'Gender': 14.25034}"
3,XGBoost,100000,0.975788846970926,35.31510951538086,57.75839245902717,0.9757909759160941,0.9757909759160941,19.6142578125,621.4345703125,0.11968066872086068,3.4533326893834593,-0.5416136474609375,1.0,0.3536759,17.65755475769043,2.0011450592391267,100.0,"{'Annual kilometers': 198.45117, 'Age': 167.55034, 'Business Use': 109.44395, 'State': 88.146, 'Gender': 17.001108}"
