Experiment Index,Model,Sample Size,R²,MAE,RMSE,Accuracy,Explained Variance,MedAE,Max Error,RAE,sMAPE,Bias,PICP,CV,Quantile Loss,Durbin-Watson,SHAP Match Percentage,Top SHAP Features
1,XGBoost,10000,0.8969380225113313,310.46805390836477,924.0322865324656,0.8970101231076179,0.8970101231076179,37.50188926696777,16845.983828125,0.16743831568050896,72.6999438167665,-24.440345374019152,0.9945,1.9458146,155.23402695418238,1.9476363538116204,100.0,"{'Company Size': 1831.6514, 'Business Interruption Cost': 162.18916, 'Data Sensitivity': 114.92346, 'Security Score': 53.479004, 'Industry Risk': 14.147103}"
2,XGBoost,50000,0.9025048856790713,309.8405942454314,904.4351333507549,0.9025087540686545,0.9025087540686545,36.322826690673814,15936.1096875,0.1636806634885515,72.0498956103949,5.697064030230043,0.9948,1.9316185,154.9202971227157,2.013188755959997,100.0,"{'Company Size': 1893.9568, 'Business Interruption Cost': 165.98763, 'Data Sensitivity': 142.45105, 'Security Score': 46.10492, 'Industry Risk': 6.0232935}"
3,XGBoost,100000,0.9041695738908838,310.0301725670712,889.2739443007223,0.9041850176276757,0.9041850176276757,33.9784246826172,20474.870351562502,0.16525661262489372,70.64194287206259,11.289119070497275,0.9953,1.9554507,155.0150862835356,2.0099248309828672,100.0,"{'Company Size': 1892.5186, 'Business Interruption Cost': 162.45752, 'Data Sensitivity': 145.1087, 'Security Score': 55.952682, 'Industry Risk': 7.141171}"
