Experiment Index,Model,Sample Size,R²,MAE,RMSE,Accuracy,Explained Variance,MedAE,Max Error,RAE,sMAPE,Bias,PICP,CV,Quantile Loss,Durbin-Watson,SHAP Match Percentage,Top SHAP Features
1,XGBoost,10000,0.9631961444799207,14178.628175172958,22499.125050111026,0.9632015878916793,0.9632015878916793,8729.240000000005,178095.94999999995,0.15573422808605114,16.766603282150964,273.62423760047903,1.0,0.7198395,7089.314087586479,2.0410140980094393,100.0,"{'Coverage Limit': 70581.2, 'Incident History': 40263.13, 'Industry Type': 24540.584, 'Years of Operation': 21176.953, 'Pollution Risk': 14085.976, 'Company Size': 12606.044, 'Regulatory Compliance': 10058.18}"
2,XGBoost,50000,0.9562197046140551,15106.977897342009,24753.774310672437,0.9562227990278919,0.9562227990278919,9135.689843750004,275442.72750000004,0.16342615060597374,18.850315096537656,208.10920034939568,0.9997,0.7239875,7553.488948671004,2.0291410097173466,100.0,"{'Coverage Limit': 70557.78, 'Incident History': 39716.477, 'Industry Type': 23663.582, 'Years of Operation': 21000.834, 'Pollution Risk': 13827.619, 'Company Size': 11765.282, 'Regulatory Compliance': 10477.0}"
3,XGBoost,100000,0.9536324090269013,15691.207048847506,25647.1944733979,0.9536331598546093,0.9536331598546093,9500.618281250003,285469.59875,0.16963201051627194,18.88236513803908,-103.2054766878357,0.99965,0.72295594,7845.603524423753,2.0058663694753416,100.0,"{'Coverage Limit': 70935.625, 'Incident History': 39550.84, 'Industry Type': 22847.139, 'Years of Operation': 20974.88, 'Pollution Risk': 13669.474, 'Company Size': 11804.608, 'Regulatory Compliance': 10274.344}"
